-- =========================================================================
-- DCIT 55A: PureVibe "Dirty Data" Seed Script
-- WARNING: This script clears your current tables and inserts records
-- containing intentional data quality issues for assessment and cleaning.
-- Issues included: NULL prices, negative stock, inconsistent casing, duplicate SKUs.
-- =========================================================================

-- Temporarily disable strict mode so NULL values can be inserted into NOT NULL columns.
-- This is intentional — the dirty data demonstrates data quality issues.
SET sql_mode = '';
SET FOREIGN_KEY_CHECKS = 0;

-- 1. Wipe existing data
DELETE FROM transaction_items;
DELETE FROM transactions;
DELETE FROM inventory_movements;
DELETE FROM stock_entries;
DELETE FROM supplier_product_prices;
DELETE FROM products;
DELETE FROM suppliers;
DELETE FROM categories;


-- =========================================================================
-- 2. INSERT CATEGORIES (10 Records)
-- ISSUE: Inconsistent Formatting / Casing
-- =========================================================================
INSERT INTO categories (id, name, description, created_at, updated_at) VALUES
(1, 'electronics', 'Electronic items and gadgets', NOW(), NOW()),
(2, 'ELECTRONICS', 'Duplicate category with caps', NOW(), NOW()),
(3, 'Furniture', 'Home and office furniture', NOW(), NOW()),
(4, 'furniture', 'lower case furniture', NOW(), NOW()),
(5, 'Groceries', 'Food and beverages', NOW(), NOW()),
(6, 'GROCERIES', 'ALL CAPS GROCERY', NOW(), NOW()),
(7, 'cleaning supplies', 'Household cleaning', NOW(), NOW()),
(8, 'Stationery', 'Office and school supplies', NOW(), NOW()),
(9, 'Clothing', 'Apparel and garments', NOW(), NOW()),
(10, 'Health & Beauty', 'Personal care products', NOW(), NOW());

-- =========================================================================
-- 3. INSERT SUPPLIERS (10 Records)
-- ISSUE: Missing Data (NULL phones, empty phones)
-- =========================================================================
INSERT INTO suppliers (id, name, contact_person, email, phone, address, is_active, created_at, updated_at) VALUES
(1, 'TechNova Distributors', 'Alice Smith', 'alice@technova.com', '0917-123-4567', 'Manila, PH', 1, NOW(), NOW()),
(2, 'MegaMarts Ltd', 'Bob Johnson', 'bob@megamarts.com', NULL, 'Cebu, PH', 1, NOW(), NOW()),
(3, 'Global Supplies Inc', 'Charlie Brown', 'charlie@globalsupplies.com', '', 'Davao, PH', 1, NOW(), NOW()),
(4, 'Fresh Farms Co.', 'Diana Prince', 'diana@freshfarms.com', '0918-987-6543', 'Baguio, PH', 1, NOW(), NOW()),
(5, 'CleanCo International', 'Evan Wright', 'evan@cleanco.com', NULL, 'Quezon City, PH', 1, NOW(), NOW()),
(6, 'OfficePro Wholesale', 'Fiona Davis', 'fiona@officepro.com', '0922-333-4444', 'Makati, PH', 1, NOW(), NOW()),
(7, 'Trendy Threads', 'George Lee', 'george@trendythreads.com', NULL, 'Taguig, PH', 1, NOW(), NOW()),
(8, 'BeautyBasics', 'Hannah White', 'hannah@beautybasics.com', '', 'Pasig, PH', 1, NOW(), NOW()),
(9, 'HomeEssentials', 'Ian Black', 'ian@homeessentials.com', '0919-555-6666', 'Mandaluyong, PH', 1, NOW(), NOW()),
(10, 'Gourmet Foods', 'Julia Green', 'julia@gourmetfoods.com', '0920-777-8888', 'Alabang, PH', 1, NOW(), NOW());

-- =========================================================================
-- 4. INSERT PRODUCTS (110 Records)
-- ISSUES: 
-- 1. Missing Data (NULL unit_price)
-- 2. Invalid Data (Negative current_stock)
-- 3. Duplicates (Duplicate SKUs)
-- =========================================================================
INSERT INTO products (id, sku, name, description, unit_price, current_stock, low_stock_threshold, category_id, supplier_id, is_active, barcode, unit, created_at, updated_at) VALUES
(1, 'SKU-001', 'Wireless Mouse', 'Ergonomic wireless mouse', 450.00, 50, 10, 1, 1, 1, '10000000001', 'piece', NOW(), NOW()),
(2, 'SKU-002', 'Mechanical Keyboard', 'RGB mechanical keyboard', 1200.00, 30, 5, 2, 1, 1, '10000000002', 'piece', NOW(), NOW()),
(3, 'SKU-003', 'Office Chair', 'Ergonomic office chair', 3500.00, 15, 2, 3, 2, 1, '10000000003', 'piece', NOW(), NOW()),
(4, 'SKU-004', 'Wooden Desk', 'Solid wood office desk', 4500.00, 10, 2, 4, 2, 1, '10000000004', 'piece', NOW(), NOW()),
(5, 'SKU-005', 'Apple', 'Fresh red apples', 25.00, 100, 20, 5, 4, 1, '10000000005', 'piece', NOW(), NOW()),
(6, 'SKU-006', 'Banana', 'Fresh yellow bananas', 15.00, 150, 30, 6, 4, 1, '10000000006', 'piece', NOW(), NOW()),
(7, 'SKU-007', 'Liquid Soap', 'Antibacterial liquid soap', NULL, 80, 15, 7, 5, 1, '10000000007', 'bottle', NOW(), NOW()),
(8, 'SKU-008', 'Glass Cleaner', 'Window and glass cleaner', NULL, 60, 10, 7, 5, 1, '10000000008', 'bottle', NOW(), NOW()),
(9, 'SKU-009', 'Notebook', 'A5 lined notebook', NULL, 200, 50, 8, 6, 1, '10000000009', 'piece', NOW(), NOW()),
(10, 'SKU-010', 'Ballpen', 'Blue ink ballpen', NULL, 500, 100, 8, 6, 1, '10000000010', 'piece', NOW(), NOW()),
(11, 'SKU-011', 'T-Shirt', 'Plain white t-shirt', 150.00, -5, 10, 9, 7, 1, '10000000011', 'piece', NOW(), NOW()),
(12, 'SKU-012', 'Jeans', 'Blue denim jeans', 850.00, -12, 5, 9, 7, 1, '10000000012', 'piece', NOW(), NOW()),
(13, 'SKU-013', 'Shampoo', 'Anti-dandruff shampoo', 180.00, -3, 15, 10, 8, 1, '10000000013', 'bottle', NOW(), NOW()),
(14, 'SKU-014', 'Face Wash', 'Daily face wash', 220.00, 40, 10, 10, 8, 1, '10000000014', 'tube', NOW(), NOW()),
(15, 'SKU-014', 'Face Wash', 'Daily face wash (duplicate entry)', 220.00, 40, 10, 10, 8, 1, '10000000014', 'tube', NOW(), NOW()),
(16, 'SKU-015', 'Coffee Beans', 'Arabica coffee beans 500g', 350.00, 25, 5, 5, 10, 1, '10000000015', 'bag', NOW(), NOW()),
(17, 'SKU-015', 'Coffee Beans', 'Arabica coffee beans 500g (dup)', 350.00, 25, 5, 5, 10, 1, '10000000015', 'bag', NOW(), NOW()),
(18, 'SKU-018', 'Printer Paper', 'A4 80gsm 500 sheets', 250.00, 120, 20, 8, 6, 1, '10000000018', 'ream', NOW(), NOW()),
(19, 'SKU-019', 'Stapler', 'Heavy duty stapler', 350.00, 45, 10, 8, 6, 1, '10000000019', 'piece', NOW(), NOW()),
(20, 'SKU-020', 'Sticky Notes', '3x3 yellow notes', 45.00, 300, 50, 8, 6, 1, '10000000020', 'pad', NOW(), NOW()),
(21, 'SKU-021', 'USB Flash Drive', '32GB USB 3.0', 380.00, 85, 15, 1, 1, 1, '10000000021', 'piece', NOW(), NOW()),
(22, 'SKU-022', 'HDMI Cable', '2 meter braided HDMI', 150.00, 110, 20, 1, 1, 1, '10000000022', 'piece', NOW(), NOW()),
(23, 'SKU-023', 'Webcam', '1080p HD Webcam', 1800.00, 25, 5, 1, 1, 1, '10000000023', 'piece', NOW(), NOW()),
(24, 'SKU-024', 'Filing Cabinet', '3-drawer metal cabinet', 5500.00, 8, 2, 3, 2, 1, '10000000024', 'piece', NOW(), NOW()),
(25, 'SKU-025', 'Bookshelf', '5-tier wooden bookshelf', 2800.00, 12, 3, 4, 2, 1, '10000000025', 'piece', NOW(), NOW()),
(26, 'SKU-026', 'Orange', 'Navel orange', 30.00, 90, 20, 5, 4, 1, '10000000026', 'piece', NOW(), NOW()),
(27, 'SKU-027', 'Milk', '1L Whole Milk', 95.00, 40, 10, 6, 4, 1, '10000000027', 'carton', NOW(), NOW()),
(28, 'SKU-028', 'Eggs', 'Dozen large eggs', 120.00, 60, 15, 6, 4, 1, '10000000028', 'tray', NOW(), NOW()),
(29, 'SKU-029', 'Bread', 'White sliced bread', 65.00, 35, 10, 6, 4, 1, '10000000029', 'loaf', NOW(), NOW()),
(30, 'SKU-030', 'Butter', 'Salted butter 200g', 140.00, 50, 10, 6, 4, 1, '10000000030', 'block', NOW(), NOW()),
(31, 'SKU-031', 'Dish Soap', 'Lemon dishwashing liquid', 85.00, 150, 30, 7, 5, 1, '10000000031', 'bottle', NOW(), NOW()),
(32, 'SKU-032', 'Laundry Detergent', 'Powder detergent 1kg', 190.00, 80, 20, 7, 5, 1, '10000000032', 'pack', NOW(), NOW()),
(33, 'SKU-033', 'Sponges', '3-pack cleaning sponges', 45.00, 200, 40, 7, 5, 1, '10000000033', 'pack', NOW(), NOW()),
(34, 'SKU-034', 'Trash Bags', 'Large black trash bags 10s', 65.00, 120, 25, 7, 5, 1, '10000000034', 'roll', NOW(), NOW()),
(35, 'SKU-035', 'Highlighter', 'Yellow highlighter pen', 35.00, 300, 50, 8, 6, 1, '10000000035', 'piece', NOW(), NOW()),
(36, 'SKU-036', 'Paper Clips', 'Box of 100 paper clips', 25.00, 500, 100, 8, 6, 1, '10000000036', 'box', NOW(), NOW()),
(37, 'SKU-037', 'Socks', '3-pack cotton socks', 150.00, 75, 15, 9, 7, 1, '10000000037', 'pack', NOW(), NOW()),
(38, 'SKU-038', 'Jacket', 'Zip-up hoodie', 650.00, 30, 10, 9, 7, 1, '10000000038', 'piece', NOW(), NOW()),
(39, 'SKU-039', 'Belt', 'Leather reversible belt', 350.00, 45, 10, 9, 7, 1, '10000000039', 'piece', NOW(), NOW()),
(40, 'SKU-040', 'Toothpaste', 'Fluoride toothpaste 150g', 95.00, 100, 20, 10, 8, 1, '10000000040', 'tube', NOW(), NOW()),
(41, 'SKU-041', 'Toothbrush', 'Soft bristle toothbrush', 45.00, 150, 30, 10, 8, 1, '10000000041', 'piece', NOW(), NOW()),
(42, 'SKU-042', 'Body Wash', 'Moisturizing body wash', 220.00, 60, 15, 10, 8, 1, '10000000042', 'bottle', NOW(), NOW()),
(43, 'SKU-043', 'Deodorant', 'Roll-on deodorant', 120.00, 85, 20, 10, 8, 1, '10000000043', 'piece', NOW(), NOW()),
(44, 'SKU-044', 'Olive Oil', 'Extra virgin olive oil 500ml', 380.00, 40, 10, 5, 10, 1, '10000000044', 'bottle', NOW(), NOW()),
(45, 'SKU-045', 'Pasta', 'Spaghetti 500g', 65.00, 110, 25, 5, 10, 1, '10000000045', 'pack', NOW(), NOW()),
(46, 'SKU-046', 'Tomato Sauce', 'Italian tomato sauce 400g', 85.00, 90, 20, 5, 10, 1, '10000000046', 'can', NOW(), NOW()),
(47, 'SKU-047', 'Cheese', 'Cheddar block 250g', 180.00, 50, 15, 6, 4, 1, '10000000047', 'block', NOW(), NOW()),
(48, 'SKU-048', 'Yogurt', 'Greek yogurt 150g', 55.00, 70, 20, 6, 4, 1, '10000000048', 'cup', NOW(), NOW()),
(49, 'SKU-049', 'Cereal', 'Corn flakes 300g', 140.00, 65, 15, 5, 10, 1, '10000000049', 'box', NOW(), NOW()),
(50, 'SKU-050', 'Oats', 'Rolled oats 500g', 95.00, 80, 20, 5, 10, 1, '10000000050', 'pack', NOW(), NOW()),
(51, 'SKU-051', 'Green Tea', 'Green tea bags 25s', 120.00, 55, 15, 5, 10, 1, '10000000051', 'box', NOW(), NOW()),
(52, 'SKU-052', 'Honey', 'Pure honey 250ml', 250.00, 35, 10, 5, 10, 1, '10000000052', 'jar', NOW(), NOW()),
(53, 'SKU-053', 'Peanut Butter', 'Creamy peanut butter 340g', 160.00, 45, 10, 5, 10, 1, '10000000053', 'jar', NOW(), NOW()),
(54, 'SKU-054', 'Jam', 'Strawberry jam 300g', 130.00, 50, 10, 5, 10, 1, '10000000054', 'jar', NOW(), NOW()),
(55, 'SKU-055', 'Salt', 'Iodized salt 500g', 25.00, 150, 30, 5, 10, 1, '10000000055', 'pack', NOW(), NOW()),
(56, 'SKU-056', 'Pepper', 'Black pepper powder 100g', 60.00, 80, 20, 5, 10, 1, '10000000056', 'bottle', NOW(), NOW()),
(57, 'SKU-057', 'Sugar', 'Brown sugar 1kg', 75.00, 120, 25, 5, 10, 1, '10000000057', 'pack', NOW(), NOW()),
(58, 'SKU-058', 'Flour', 'All-purpose flour 1kg', 85.00, 90, 20, 5, 10, 1, '10000000058', 'pack', NOW(), NOW()),
(59, 'SKU-059', 'Cooking Oil', 'Vegetable oil 1L', 140.00, 70, 15, 5, 10, 1, '10000000059', 'bottle', NOW(), NOW()),
(60, 'SKU-060', 'Soy Sauce', 'Premium soy sauce 500ml', 55.00, 100, 20, 5, 10, 1, '10000000060', 'bottle', NOW(), NOW()),
(61, 'SKU-061', 'Fish Sauce', 'Premium fish sauce 300ml', 45.00, 120, 25, 5, 10, 1, '10000000061', 'bottle', NOW(), NOW()),
(62, 'SKU-062', 'Vinegar', 'White vinegar 500ml', 35.00, 110, 20, 5, 10, 1, '10000000062', 'bottle', NOW(), NOW()),
(63, 'SKU-063', 'Ketchup', 'Tomato ketchup 320g', 55.00, 85, 15, 5, 10, 1, '10000000063', 'bottle', NOW(), NOW()),
(64, 'SKU-064', 'Mayonnaise', 'Real mayonnaise 220ml', 95.00, 60, 10, 5, 10, 1, '10000000064', 'jar', NOW(), NOW()),
(65, 'SKU-065', 'Mustard', 'Yellow mustard 250g', 75.00, 40, 10, 5, 10, 1, '10000000065', 'squeeze bottle', NOW(), NOW()),
(66, 'SKU-066', 'Chili Sauce', 'Sweet chili sauce 340g', 65.00, 75, 15, 5, 10, 1, '10000000066', 'bottle', NOW(), NOW()),
(67, 'SKU-067', 'Garlic Powder', 'Garlic powder 50g', 40.00, 100, 20, 5, 10, 1, '10000000067', 'bottle', NOW(), NOW()),
(68, 'SKU-068', 'Onion Powder', 'Onion powder 50g', 45.00, 90, 20, 5, 10, 1, '10000000068', 'bottle', NOW(), NOW()),
(69, 'SKU-069', 'Oregano', 'Dried oregano leaves 20g', 35.00, 50, 10, 5, 10, 1, '10000000069', 'bottle', NOW(), NOW()),
(70, 'SKU-070', 'Paprika', 'Ground sweet paprika 40g', 55.00, 65, 15, 5, 10, 1, '10000000070', 'bottle', NOW(), NOW()),
(71, 'SKU-071', 'Earphones', 'In-ear wired earphones', 250.00, 40, 8, 1, 1, 1, '10000000071', 'piece', NOW(), NOW()),
(72, 'SKU-072', 'USB-C Cable', '1.5 meter fast charge USB-C', 120.00, 150, 30, 1, 1, 1, '10000000072', 'piece', NOW(), NOW()),
(73, 'SKU-073', 'Power Bank', '10000mAh portable charger', 850.00, 35, 5, 1, 1, 1, '10000000073', 'piece', NOW(), NOW()),
(74, 'SKU-074', 'Phone Stand', 'Adjustable desk phone holder', 150.00, 60, 10, 1, 1, 1, '10000000074', 'piece', NOW(), NOW()),
(75, 'SKU-075', 'Mouse Pad', 'Extended gaming mouse pad', 300.00, 80, 15, 1, 1, 1, '10000000075', 'piece', NOW(), NOW()),
(76, 'SKU-076', 'LED Desk Lamp', 'Dimmable LED desk lamp', 650.00, 20, 5, 3, 2, 1, '10000000076', 'piece', NOW(), NOW()),
(77, 'SKU-077', 'Waste Basket', 'Small mesh waste basket', 180.00, 45, 10, 3, 2, 1, '10000000077', 'piece', NOW(), NOW()),
(78, 'SKU-078', 'Desk Organizer', 'Multi-compartment pen holder', 220.00, 50, 10, 8, 6, 1, '10000000078', 'piece', NOW(), NOW()),
(79, 'SKU-079', 'Notebook A4', 'A4 spiral notebook 80 pages', 95.00, 120, 25, 8, 6, 1, '10000000079', 'piece', NOW(), NOW()),
(80, 'SKU-080', 'Ruler 30cm', 'Plastic transparent ruler', 20.00, 200, 40, 8, 6, 1, '10000000080', 'piece', NOW(), NOW()),
(81, 'SKU-081', 'Scissors', 'Office comfort scissors 7-inch', 85.00, 70, 15, 8, 6, 1, '10000000081', 'piece', NOW(), NOW()),
(82, 'SKU-082', 'Glue Stick', 'Solid glue stick 21g', 45.00, 150, 30, 8, 6, 1, '10000000082', 'piece', NOW(), NOW()),
(83, 'SKU-083', 'Eraser', 'White vinyl eraser 2-pack', 25.00, 250, 50, 8, 6, 1, '10000000083', 'pack', NOW(), NOW()),
(84, 'SKU-084', 'Pencil 12s', 'HB graphite pencils pack of 12', 90.00, 100, 20, 8, 6, 1, '10000000084', 'pack', NOW(), NOW()),
(85, 'SKU-085', 'Calculators', '8-digit pocket calculator', 180.00, 40, 10, 8, 6, 1, '10000000085', 'piece', NOW(), NOW()),
(86, 'SKU-086', 'Dish Sponge', 'Heavy duty scrub sponge 3-pack', 55.00, 180, 30, 7, 5, 1, '10000000086', 'pack', NOW(), NOW()),
(87, 'SKU-087', 'Bleach 1L', 'Original liquid bleach 1L', 75.00, 90, 20, 7, 5, 1, '10000000087', 'bottle', NOW(), NOW()),
(88, 'SKU-088', 'Glass Cleaner Spray', 'Streak-free glass cleaner 500ml', 135.00, 60, 15, 7, 5, 1, '10000000088', 'bottle', NOW(), NOW()),
(89, 'SKU-089', 'Microfiber Cloth', 'Microfiber cleaning cloths 3s', 110.00, 120, 25, 7, 5, 1, '10000000089', 'pack', NOW(), NOW()),
(90, 'SKU-090', 'Air Freshener', 'Lemon scent air freshener gel', 95.00, 80, 15, 7, 5, 1, '10000000090', 'can', NOW(), NOW()),
(91, 'SKU-091', 'Hand Sanitizer', 'Alcohol hand sanitizer 100ml', 65.00, 200, 40, 10, 8, 1, '10000000091', 'bottle', NOW(), NOW()),
(92, 'SKU-092', 'Cotton Buds', 'Double tip cotton buds 200s', 45.00, 150, 30, 10, 8, 1, '10000000092', 'pack', NOW(), NOW()),
(93, 'SKU-093', 'Wet Wipes', 'Baby wet wipes 80 sheets', 85.00, 120, 25, 10, 8, 1, '10000000093', 'pack', NOW(), NOW()),
(94, 'SKU-094', 'Hand Soap Bar', 'Moisturizing bar soap 100g', 35.00, 300, 50, 10, 8, 1, '10000000094', 'piece', NOW(), NOW()),
(95, 'SKU-095', 'Tissue Paper', '2-ply bathroom tissue 4 rolls', 90.00, 140, 30, 10, 8, 1, '10000000095', 'pack', NOW(), NOW()),
(96, 'SKU-096', 'Instant Coffee', 'Classic instant coffee 100g', 150.00, 85, 20, 5, 10, 1, '10000000096', 'jar', NOW(), NOW()),
(97, 'SKU-097', 'Creamer Powder', 'Coffee creamer powder 250g', 85.00, 90, 20, 5, 10, 1, '10000000097', 'pack', NOW(), NOW()),
(98, 'SKU-098', 'Black Tea', 'Black tea bags 50s', 140.00, 75, 15, 5, 10, 1, '10000000098', 'box', NOW(), NOW()),
(99, 'SKU-099', 'Chocolate Drink', 'Malt chocolate powder 400g', 180.00, 60, 15, 5, 10, 1, '10000000099', 'pack', NOW(), NOW()),
(100, 'SKU-100', 'Potato Chips', 'Salted potato chips 150g', 95.00, 120, 25, 5, 10, 1, '10000000100', 'bag', NOW(), NOW()),
(101, 'SKU-101', 'Peanuts', 'Roasted salted peanuts 150g', 55.00, 150, 30, 5, 10, 1, '10000000101', 'bag', NOW(), NOW()),
(102, 'SKU-102', 'Biscuits', 'Chocolate chip cookies 200g', 75.00, 100, 20, 5, 10, 1, '10000000102', 'pack', NOW(), NOW()),
(103, 'SKU-103', 'Soda Can', 'Cola soft drink 330ml', 35.00, 240, 50, 5, 10, 1, '10000000103', 'can', NOW(), NOW()),
(104, 'SKU-104', 'Fruit Juice', 'Orange juice tetra pack 1L', 95.00, 70, 15, 5, 10, 1, '10000000104', 'pack', NOW(), NOW()),
(105, 'SKU-105', 'Mineral Water', 'Purified drinking water 500ml', 15.00, 500, 100, 5, 10, 1, '10000000105', 'bottle', NOW(), NOW()),
(106, 'SKU-106', 'Face Towel', 'Cotton face towel', 65.00, 80, 15, 9, 7, 1, '10000000106', 'piece', NOW(), NOW()),
(107, 'SKU-107', 'Bath Towel', 'Large cotton bath towel', 290.00, 40, 10, 9, 7, 1, '10000000107', 'piece', NOW(), NOW()),
(108, 'SKU-108', 'Hangers', 'Plastic clothes hangers 6-pack', 95.00, 100, 20, 9, 7, 1, '10000000108', 'pack', NOW(), NOW()),
(109, 'SKU-109', 'Slippers', 'Rubber house slippers', NULL, 90, 15, 9, 7, 1, '10000000109', 'pair', NOW(), NOW()),
(110, 'SKU-110', 'Shoe Polish', 'Black shoe polish cream 50ml', 85.00, -8, 10, 9, 7, 1, '10000000110', 'tin', NOW(), NOW());


-- =========================================================================
-- 5. INSERT TRANSACTIONS (105 Records)
-- =========================================================================
INSERT INTO transactions (id, transaction_number, subtotal, tax_amount, discount_amount, total_amount, payment_method, status, created_at, updated_at) VALUES
(1, 'TXN-0001', 450.00, 0, 0, 450.00, 'cash', 'completed', DATE_SUB(NOW(), INTERVAL 14 DAY), DATE_SUB(NOW(), INTERVAL 14 DAY)),
(2, 'TXN-0002', 1200.00, 0, 0, 1200.00, 'card', 'completed', DATE_SUB(NOW(), INTERVAL 12 DAY), DATE_SUB(NOW(), INTERVAL 12 DAY)),
(3, 'TXN-0003', 3500.00, 0, 0, 3500.00, 'cash', 'completed', DATE_SUB(NOW(), INTERVAL 10 DAY), DATE_SUB(NOW(), INTERVAL 10 DAY)),
(4, 'TXN-0004', 150.00, 0, 0, 150.00, 'gcash', 'completed', DATE_SUB(NOW(), INTERVAL 9 DAY), DATE_SUB(NOW(), INTERVAL 9 DAY)),
(5, 'TXN-0005', 850.00, 0, 0, 850.00, 'cash', 'completed', DATE_SUB(NOW(), INTERVAL 8 DAY), DATE_SUB(NOW(), INTERVAL 8 DAY)),
(6, 'TXN-0006', 4500.00, 0, 0, 4500.00, 'card', 'completed', DATE_SUB(NOW(), INTERVAL 7 DAY), DATE_SUB(NOW(), INTERVAL 7 DAY)),
(7, 'TXN-0007', 40.00, 0, 0, 40.00, 'cash', 'completed', DATE_SUB(NOW(), INTERVAL 6 DAY), DATE_SUB(NOW(), INTERVAL 6 DAY)),
(8, 'TXN-0008', 220.00, 0, 0, 220.00, 'gcash', 'completed', DATE_SUB(NOW(), INTERVAL 5 DAY), DATE_SUB(NOW(), INTERVAL 5 DAY)),
(9, 'TXN-0009', 350.00, 0, 0, 350.00, 'cash', 'completed', DATE_SUB(NOW(), INTERVAL 4 DAY), DATE_SUB(NOW(), INTERVAL 4 DAY)),
(10, 'TXN-0010', 250.00, 0, 0, 250.00, 'cash', 'completed', DATE_SUB(NOW(), INTERVAL 3 DAY), DATE_SUB(NOW(), INTERVAL 3 DAY)),
(11, 'TXN-0011', 350.00, 0, 0, 350.00, 'card', 'completed', DATE_SUB(NOW(), INTERVAL 2 DAY), DATE_SUB(NOW(), INTERVAL 2 DAY)),
(12, 'TXN-0012', 45.00, 0, 0, 45.00, 'cash', 'completed', DATE_SUB(NOW(), INTERVAL 1 DAY), DATE_SUB(NOW(), INTERVAL 1 DAY)),
(13, 'TXN-0013', 380.00, 0, 0, 380.00, 'gcash', 'completed', NOW(), NOW()),
(14, 'TXN-0014', 150.00, 0, 0, 150.00, 'cash', 'pending', NOW(), NOW()),
(15, 'TXN-0015', 1800.00, 0, 0, 1800.00, 'card', 'pending', NOW(), NOW()),
(16, 'TXN-0016', 10410.00, 0, 0, 10410.00, 'cash', 'cancelled', DATE_SUB(NOW(), INTERVAL 1 DAY), DATE_SUB(NOW(), INTERVAL 1 DAY)),
(17, 'TXN-0017', 1220.00, 0, 0, 1220.00, 'cash', 'completed', DATE_SUB(NOW(), INTERVAL 3 DAY), DATE_SUB(NOW(), INTERVAL 3 DAY)),
(18, 'TXN-0018', 19390.00, 0, 0, 19390.00, 'card', 'pending', DATE_SUB(NOW(), INTERVAL 4 DAY), DATE_SUB(NOW(), INTERVAL 4 DAY)),
(19, 'TXN-0019', 150.00, 0, 0, 150.00, 'gcash', 'completed', DATE_SUB(NOW(), INTERVAL 5 DAY), DATE_SUB(NOW(), INTERVAL 5 DAY)),
(20, 'TXN-0020', 16690.00, 0, 0, 16690.00, 'cash', 'completed', DATE_SUB(NOW(), INTERVAL 1 DAY), DATE_SUB(NOW(), INTERVAL 1 DAY)),
(21, 'TXN-0021', 465.00, 0, 0, 465.00, 'gcash', 'completed', DATE_SUB(NOW(), INTERVAL 8 DAY), DATE_SUB(NOW(), INTERVAL 8 DAY)),
(22, 'TXN-0022', 160.00, 0, 0, 160.00, 'gcash', 'completed', DATE_SUB(NOW(), INTERVAL 13 DAY), DATE_SUB(NOW(), INTERVAL 13 DAY)),
(23, 'TXN-0023', 520.00, 0, 0, 520.00, 'gcash', 'completed', DATE_SUB(NOW(), INTERVAL 12 DAY), DATE_SUB(NOW(), INTERVAL 12 DAY)),
(24, 'TXN-0024', 480.00, 0, 0, 480.00, 'card', 'completed', DATE_SUB(NOW(), INTERVAL 10 DAY), DATE_SUB(NOW(), INTERVAL 10 DAY)),
(25, 'TXN-0025', 8900.00, 0, 0, 8900.00, 'gcash', 'completed', DATE_SUB(NOW(), INTERVAL 11 DAY), DATE_SUB(NOW(), INTERVAL 11 DAY)),
(26, 'TXN-0026', 680.00, 0, 0, 680.00, 'card', 'completed', DATE_SUB(NOW(), INTERVAL 4 DAY), DATE_SUB(NOW(), INTERVAL 4 DAY)),
(27, 'TXN-0027', 995.00, 0, 0, 995.00, 'cash', 'completed', DATE_SUB(NOW(), INTERVAL 6 DAY), DATE_SUB(NOW(), INTERVAL 6 DAY)),
(28, 'TXN-0028', 920.00, 0, 0, 920.00, 'gcash', 'completed', DATE_SUB(NOW(), INTERVAL 6 DAY), DATE_SUB(NOW(), INTERVAL 6 DAY)),
(29, 'TXN-0029', 5660.00, 0, 0, 5660.00, 'gcash', 'pending', DATE_SUB(NOW(), INTERVAL 6 DAY), DATE_SUB(NOW(), INTERVAL 6 DAY)),
(30, 'TXN-0030', 645.00, 0, 0, 645.00, 'cash', 'completed', DATE_SUB(NOW(), INTERVAL 2 DAY), DATE_SUB(NOW(), INTERVAL 2 DAY)),
(31, 'TXN-0031', 11445.00, 0, 0, 11445.00, 'card', 'pending', DATE_SUB(NOW(), INTERVAL 7 DAY), DATE_SUB(NOW(), INTERVAL 7 DAY)),
(32, 'TXN-0032', 4650.00, 0, 0, 4650.00, 'cash', 'completed', DATE_SUB(NOW(), INTERVAL 6 DAY), DATE_SUB(NOW(), INTERVAL 6 DAY)),
(33, 'TXN-0033', 55.00, 0, 0, 55.00, 'gcash', 'cancelled', DATE_SUB(NOW(), INTERVAL 4 DAY), DATE_SUB(NOW(), INTERVAL 4 DAY)),
(34, 'TXN-0034', 430.00, 0, 0, 430.00, 'cash', 'completed', DATE_SUB(NOW(), INTERVAL 12 DAY), DATE_SUB(NOW(), INTERVAL 12 DAY)),
(35, 'TXN-0035', 150.00, 0, 0, 150.00, 'gcash', 'completed', DATE_SUB(NOW(), INTERVAL 7 DAY), DATE_SUB(NOW(), INTERVAL 7 DAY)),
(36, 'TXN-0036', 1050.00, 0, 0, 1050.00, 'card', 'completed', NOW(), NOW()),
(37, 'TXN-0037', 180.00, 0, 0, 180.00, 'cash', 'cancelled', DATE_SUB(NOW(), INTERVAL 7 DAY), DATE_SUB(NOW(), INTERVAL 7 DAY)),
(38, 'TXN-0038', 150.00, 0, 0, 150.00, 'cash', 'cancelled', DATE_SUB(NOW(), INTERVAL 7 DAY), DATE_SUB(NOW(), INTERVAL 7 DAY)),
(39, 'TXN-0039', 1660.00, 0, 0, 1660.00, 'gcash', 'completed', DATE_SUB(NOW(), INTERVAL 6 DAY), DATE_SUB(NOW(), INTERVAL 6 DAY)),
(40, 'TXN-0040', 880.00, 0, 0, 880.00, 'cash', 'completed', DATE_SUB(NOW(), INTERVAL 5 DAY), DATE_SUB(NOW(), INTERVAL 5 DAY)),
(41, 'TXN-0041', 40.00, 0, 0, 40.00, 'gcash', 'completed', NOW(), NOW()),
(42, 'TXN-0042', 90.00, 0, 0, 90.00, 'cash', 'completed', DATE_SUB(NOW(), INTERVAL 14 DAY), DATE_SUB(NOW(), INTERVAL 14 DAY)),
(43, 'TXN-0043', 180.00, 0, 0, 180.00, 'gcash', 'completed', DATE_SUB(NOW(), INTERVAL 4 DAY), DATE_SUB(NOW(), INTERVAL 4 DAY)),
(44, 'TXN-0044', 1140.00, 0, 0, 1140.00, 'card', 'completed', DATE_SUB(NOW(), INTERVAL 3 DAY), DATE_SUB(NOW(), INTERVAL 3 DAY)),
(45, 'TXN-0045', 1400.00, 0, 0, 1400.00, 'card', 'completed', DATE_SUB(NOW(), INTERVAL 6 DAY), DATE_SUB(NOW(), INTERVAL 6 DAY)),
(46, 'TXN-0046', 290.00, 0, 0, 290.00, 'card', 'cancelled', DATE_SUB(NOW(), INTERVAL 5 DAY), DATE_SUB(NOW(), INTERVAL 5 DAY)),
(47, 'TXN-0047', 50.00, 0, 0, 50.00, 'cash', 'pending', DATE_SUB(NOW(), INTERVAL 7 DAY), DATE_SUB(NOW(), INTERVAL 7 DAY)),
(48, 'TXN-0048', 280.00, 0, 0, 280.00, 'card', 'completed', DATE_SUB(NOW(), INTERVAL 3 DAY), DATE_SUB(NOW(), INTERVAL 3 DAY)),
(49, 'TXN-0049', 45.00, 0, 0, 45.00, 'cash', 'cancelled', DATE_SUB(NOW(), INTERVAL 8 DAY), DATE_SUB(NOW(), INTERVAL 8 DAY)),
(50, 'TXN-0050', 700.00, 0, 0, 700.00, 'cash', 'completed', DATE_SUB(NOW(), INTERVAL 7 DAY), DATE_SUB(NOW(), INTERVAL 7 DAY)),
(51, 'TXN-0051', 310.00, 0, 0, 310.00, 'card', 'completed', DATE_SUB(NOW(), INTERVAL 6 DAY), DATE_SUB(NOW(), INTERVAL 6 DAY)),
(52, 'TXN-0052', 265.00, 0, 0, 265.00, 'gcash', 'cancelled', DATE_SUB(NOW(), INTERVAL 12 DAY), DATE_SUB(NOW(), INTERVAL 12 DAY)),
(53, 'TXN-0053', 640.00, 0, 0, 640.00, 'cash', 'completed', DATE_SUB(NOW(), INTERVAL 9 DAY), DATE_SUB(NOW(), INTERVAL 9 DAY)),
(54, 'TXN-0054', 1395.00, 0, 0, 1395.00, 'gcash', 'completed', DATE_SUB(NOW(), INTERVAL 8 DAY), DATE_SUB(NOW(), INTERVAL 8 DAY)),
(55, 'TXN-0055', 4555.00, 0, 0, 4555.00, 'gcash', 'completed', DATE_SUB(NOW(), INTERVAL 10 DAY), DATE_SUB(NOW(), INTERVAL 10 DAY)),
(56, 'TXN-0056', 60.00, 0, 0, 60.00, 'gcash', 'completed', DATE_SUB(NOW(), INTERVAL 9 DAY), DATE_SUB(NOW(), INTERVAL 9 DAY)),
(57, 'TXN-0057', 990.00, 0, 0, 990.00, 'cash', 'cancelled', DATE_SUB(NOW(), INTERVAL 11 DAY), DATE_SUB(NOW(), INTERVAL 11 DAY)),
(58, 'TXN-0058', 1440.00, 0, 0, 1440.00, 'gcash', 'cancelled', DATE_SUB(NOW(), INTERVAL 4 DAY), DATE_SUB(NOW(), INTERVAL 4 DAY)),
(59, 'TXN-0059', 120.00, 0, 0, 120.00, 'card', 'pending', DATE_SUB(NOW(), INTERVAL 9 DAY), DATE_SUB(NOW(), INTERVAL 9 DAY)),
(60, 'TXN-0060', 440.00, 0, 0, 440.00, 'gcash', 'completed', DATE_SUB(NOW(), INTERVAL 2 DAY), DATE_SUB(NOW(), INTERVAL 2 DAY)),
(61, 'TXN-0061', 615.00, 0, 0, 615.00, 'cash', 'completed', DATE_SUB(NOW(), INTERVAL 13 DAY), DATE_SUB(NOW(), INTERVAL 13 DAY)),
(62, 'TXN-0062', 475.00, 0, 0, 475.00, 'cash', 'completed', DATE_SUB(NOW(), INTERVAL 1 DAY), DATE_SUB(NOW(), INTERVAL 1 DAY)),
(63, 'TXN-0063', 190.00, 0, 0, 190.00, 'card', 'completed', DATE_SUB(NOW(), INTERVAL 9 DAY), DATE_SUB(NOW(), INTERVAL 9 DAY)),
(64, 'TXN-0064', 450.00, 0, 0, 450.00, 'cash', 'cancelled', DATE_SUB(NOW(), INTERVAL 10 DAY), DATE_SUB(NOW(), INTERVAL 10 DAY)),
(65, 'TXN-0065', 145.00, 0, 0, 145.00, 'cash', 'cancelled', DATE_SUB(NOW(), INTERVAL 6 DAY), DATE_SUB(NOW(), INTERVAL 6 DAY)),
(66, 'TXN-0066', 945.00, 0, 0, 945.00, 'gcash', 'completed', DATE_SUB(NOW(), INTERVAL 2 DAY), DATE_SUB(NOW(), INTERVAL 2 DAY)),
(67, 'TXN-0067', 570.00, 0, 0, 570.00, 'cash', 'cancelled', DATE_SUB(NOW(), INTERVAL 14 DAY), DATE_SUB(NOW(), INTERVAL 14 DAY)),
(68, 'TXN-0068', 150.00, 0, 0, 150.00, 'card', 'pending', DATE_SUB(NOW(), INTERVAL 8 DAY), DATE_SUB(NOW(), INTERVAL 8 DAY)),
(69, 'TXN-0069', 110.00, 0, 0, 110.00, 'cash', 'completed', DATE_SUB(NOW(), INTERVAL 5 DAY), DATE_SUB(NOW(), INTERVAL 5 DAY)),
(70, 'TXN-0070', 190.00, 0, 0, 190.00, 'gcash', 'completed', DATE_SUB(NOW(), INTERVAL 10 DAY), DATE_SUB(NOW(), INTERVAL 10 DAY)),
(71, 'TXN-0071', 380.00, 0, 0, 380.00, 'gcash', 'cancelled', DATE_SUB(NOW(), INTERVAL 2 DAY), DATE_SUB(NOW(), INTERVAL 2 DAY)),
(72, 'TXN-0072', 5600.00, 0, 0, 5600.00, 'card', 'completed', DATE_SUB(NOW(), INTERVAL 2 DAY), DATE_SUB(NOW(), INTERVAL 2 DAY)),
(73, 'TXN-0073', 555.00, 0, 0, 555.00, 'gcash', 'completed', DATE_SUB(NOW(), INTERVAL 6 DAY), DATE_SUB(NOW(), INTERVAL 6 DAY)),
(74, 'TXN-0074', 150.00, 0, 0, 150.00, 'cash', 'completed', DATE_SUB(NOW(), INTERVAL 5 DAY), DATE_SUB(NOW(), INTERVAL 5 DAY)),
(75, 'TXN-0075', 195.00, 0, 0, 195.00, 'gcash', 'completed', DATE_SUB(NOW(), INTERVAL 6 DAY), DATE_SUB(NOW(), INTERVAL 6 DAY)),
(76, 'TXN-0076', 825.00, 0, 0, 825.00, 'gcash', 'pending', DATE_SUB(NOW(), INTERVAL 6 DAY), DATE_SUB(NOW(), INTERVAL 6 DAY)),
(77, 'TXN-0077', 10390.00, 0, 0, 10390.00, 'gcash', 'completed', NOW(), NOW()),
(78, 'TXN-0078', 340.00, 0, 0, 340.00, 'card', 'cancelled', DATE_SUB(NOW(), INTERVAL 12 DAY), DATE_SUB(NOW(), INTERVAL 12 DAY)),
(79, 'TXN-0079', 235.00, 0, 0, 235.00, 'gcash', 'completed', DATE_SUB(NOW(), INTERVAL 4 DAY), DATE_SUB(NOW(), INTERVAL 4 DAY)),
(80, 'TXN-0080', 360.00, 0, 0, 360.00, 'cash', 'pending', DATE_SUB(NOW(), INTERVAL 14 DAY), DATE_SUB(NOW(), INTERVAL 14 DAY)),
(81, 'TXN-0081', 1065.00, 0, 0, 1065.00, 'cash', 'cancelled', DATE_SUB(NOW(), INTERVAL 14 DAY), DATE_SUB(NOW(), INTERVAL 14 DAY)),
(82, 'TXN-0082', 285.00, 0, 0, 285.00, 'gcash', 'completed', DATE_SUB(NOW(), INTERVAL 10 DAY), DATE_SUB(NOW(), INTERVAL 10 DAY)),
(83, 'TXN-0083', 375.00, 0, 0, 375.00, 'cash', 'completed', DATE_SUB(NOW(), INTERVAL 10 DAY), DATE_SUB(NOW(), INTERVAL 10 DAY)),
(84, 'TXN-0084', 415.00, 0, 0, 415.00, 'card', 'pending', DATE_SUB(NOW(), INTERVAL 13 DAY), DATE_SUB(NOW(), INTERVAL 13 DAY)),
(85, 'TXN-0085', 360.00, 0, 0, 360.00, 'cash', 'completed', DATE_SUB(NOW(), INTERVAL 12 DAY), DATE_SUB(NOW(), INTERVAL 12 DAY)),
(86, 'TXN-0086', 1060.00, 0, 0, 1060.00, 'gcash', 'completed', DATE_SUB(NOW(), INTERVAL 8 DAY), DATE_SUB(NOW(), INTERVAL 8 DAY)),
(87, 'TXN-0087', 310.00, 0, 0, 310.00, 'card', 'pending', DATE_SUB(NOW(), INTERVAL 10 DAY), DATE_SUB(NOW(), INTERVAL 10 DAY)),
(88, 'TXN-0088', 1420.00, 0, 0, 1420.00, 'cash', 'completed', NOW(), NOW()),
(89, 'TXN-0089', 100.00, 0, 0, 100.00, 'gcash', 'completed', DATE_SUB(NOW(), INTERVAL 7 DAY), DATE_SUB(NOW(), INTERVAL 7 DAY)),
(90, 'TXN-0090', 1240.00, 0, 0, 1240.00, 'card', 'completed', DATE_SUB(NOW(), INTERVAL 3 DAY), DATE_SUB(NOW(), INTERVAL 3 DAY)),
(91, 'TXN-0091', 135.00, 0, 0, 135.00, 'cash', 'completed', DATE_SUB(NOW(), INTERVAL 3 DAY), DATE_SUB(NOW(), INTERVAL 3 DAY)),
(92, 'TXN-0092', 1160.00, 0, 0, 1160.00, 'cash', 'pending', DATE_SUB(NOW(), INTERVAL 3 DAY), DATE_SUB(NOW(), INTERVAL 3 DAY)),
(93, 'TXN-0093', 110.00, 0, 0, 110.00, 'card', 'cancelled', DATE_SUB(NOW(), INTERVAL 8 DAY), DATE_SUB(NOW(), INTERVAL 8 DAY)),
(94, 'TXN-0094', 820.00, 0, 0, 820.00, 'cash', 'cancelled', DATE_SUB(NOW(), INTERVAL 13 DAY), DATE_SUB(NOW(), INTERVAL 13 DAY)),
(95, 'TXN-0095', 2020.00, 0, 0, 2020.00, 'gcash', 'completed', DATE_SUB(NOW(), INTERVAL 10 DAY), DATE_SUB(NOW(), INTERVAL 10 DAY)),
(96, 'TXN-0096', 380.00, 0, 0, 380.00, 'cash', 'cancelled', DATE_SUB(NOW(), INTERVAL 4 DAY), DATE_SUB(NOW(), INTERVAL 4 DAY)),
(97, 'TXN-0097', 1050.00, 0, 0, 1050.00, 'card', 'pending', DATE_SUB(NOW(), INTERVAL 1 DAY), DATE_SUB(NOW(), INTERVAL 1 DAY)),
(98, 'TXN-0098', 11000.00, 0, 0, 11000.00, 'card', 'cancelled', DATE_SUB(NOW(), INTERVAL 2 DAY), DATE_SUB(NOW(), INTERVAL 2 DAY)),
(99, 'TXN-0099', 1640.00, 0, 0, 1640.00, 'card', 'completed', DATE_SUB(NOW(), INTERVAL 3 DAY), DATE_SUB(NOW(), INTERVAL 3 DAY)),
(100, 'TXN-0100', 270.00, 0, 0, 270.00, 'card', 'completed', DATE_SUB(NOW(), INTERVAL 5 DAY), DATE_SUB(NOW(), INTERVAL 5 DAY)),
(101, 'TXN-0101', 480.00, 0, 0, 480.00, 'card', 'completed', DATE_SUB(NOW(), INTERVAL 4 DAY), DATE_SUB(NOW(), INTERVAL 4 DAY)),
(102, 'TXN-0102', 13660.00, 0, 0, 13660.00, 'gcash', 'cancelled', DATE_SUB(NOW(), INTERVAL 12 DAY), DATE_SUB(NOW(), INTERVAL 12 DAY)),
(103, 'TXN-0103', 400.00, 0, 0, 400.00, 'gcash', 'pending', NOW(), NOW()),
(104, 'TXN-0104', 200.00, 0, 0, 200.00, 'gcash', 'completed', DATE_SUB(NOW(), INTERVAL 2 DAY), DATE_SUB(NOW(), INTERVAL 2 DAY)),
(105, 'TXN-0105', 960.00, 0, 0, 960.00, 'card', 'completed', DATE_SUB(NOW(), INTERVAL 7 DAY), DATE_SUB(NOW(), INTERVAL 7 DAY));

-- =========================================================================
-- 6. INSERT TRANSACTION ITEMS (192 Records)
-- =========================================================================
INSERT INTO transaction_items (id, transaction_id, product_id, product_name, quantity, unit_price, subtotal, created_at, updated_at) VALUES
(1, 1, 1, 'Wireless Mouse', 1, 450.00, 450.00, NOW(), NOW()),
(2, 2, 2, 'Mechanical Keyboard', 1, 1200.00, 1200.00, NOW(), NOW()),
(3, 3, 3, 'Office Chair', 1, 3500.00, 3500.00, NOW(), NOW()),
(4, 4, 11, 'T-Shirt', 1, 150.00, 150.00, NOW(), NOW()),
(5, 5, 12, 'Jeans', 1, 850.00, 850.00, NOW(), NOW()),
(6, 6, 4, 'Wooden Desk', 1, 4500.00, 4500.00, NOW(), NOW()),
(7, 7, 5, 'Apple', 1, 25.00, 25.00, NOW(), NOW()),
(8, 7, 6, 'Banana', 1, 15.00, 15.00, NOW(), NOW()),
(9, 8, 14, 'Face Wash', 1, 220.00, 220.00, NOW(), NOW()),
(10, 9, 16, 'Coffee Beans', 1, 350.00, 350.00, NOW(), NOW()),
(11, 10, 18, 'Printer Paper', 1, 250.00, 250.00, NOW(), NOW()),
(12, 11, 19, 'Stapler', 1, 350.00, 350.00, NOW(), NOW()),
(13, 12, 20, 'Sticky Notes', 1, 45.00, 45.00, NOW(), NOW()),
(14, 13, 21, 'USB Flash Drive', 1, 380.00, 380.00, NOW(), NOW()),
(15, 14, 22, 'HDMI Cable', 1, 150.00, 150.00, NOW(), NOW()),
(16, 15, 23, 'Webcam', 1, 1800.00, 1800.00, NOW(), NOW()),
(17, 10, 5, 'Apple', 2, 25.00, 50.00, NOW(), NOW()),
(18, 11, 6, 'Banana', 3, 15.00, 45.00, NOW(), NOW()),
(19, 12, 35, 'Highlighter', 1, 35.00, 35.00, NOW(), NOW()),
(20, 13, 36, 'Paper Clips', 1, 25.00, 25.00, NOW(), NOW()),
(21, 16, 19, 'Stapler', 3, 350.00, 1050.00, NOW(), NOW()),
(22, 16, 4, 'Wooden Desk', 2, 4500.00, 9000.00, NOW(), NOW()),
(23, 16, 99, 'Chocolate Drink', 2, 180.00, 360.00, NOW(), NOW()),
(24, 17, 99, 'Chocolate Drink', 4, 180.00, 720.00, NOW(), NOW()),
(25, 17, 74, 'Phone Stand', 1, 150.00, 150.00, NOW(), NOW()),
(26, 17, 16, 'Coffee Beans', 1, 350.00, 350.00, NOW(), NOW()),
(27, 18, 82, 'Glue Stick', 2, 45.00, 90.00, NOW(), NOW()),
(28, 18, 4, 'Wooden Desk', 4, 4500.00, 18000.00, NOW(), NOW()),
(29, 18, 76, 'LED Desk Lamp', 2, 650.00, 1300.00, NOW(), NOW()),
(30, 19, 102, 'Biscuits', 2, 75.00, 150.00, NOW(), NOW()),
(31, 20, 24, 'Filing Cabinet', 3, 5500.00, 16500.00, NOW(), NOW()),
(32, 20, 32, 'Laundry Detergent', 1, 190.00, 190.00, NOW(), NOW()),
(33, 21, 49, 'Cereal', 3, 140.00, 420.00, NOW(), NOW()),
(34, 21, 82, 'Glue Stick', 1, 45.00, 45.00, NOW(), NOW()),
(35, 22, 53, 'Peanut Butter', 1, 160.00, 160.00, NOW(), NOW()),
(36, 23, 84, 'Pencil 12s', 2, 90.00, 180.00, NOW(), NOW()),
(37, 23, 51, 'Green Tea', 1, 120.00, 120.00, NOW(), NOW()),
(38, 23, 78, 'Desk Organizer', 1, 220.00, 220.00, NOW(), NOW()),
(39, 24, 15, 'Face Wash', 1, 220.00, 220.00, NOW(), NOW()),
(40, 24, 34, 'Trash Bags', 4, 65.00, 260.00, NOW(), NOW()),
(41, 25, 25, 'Bookshelf', 3, 2800.00, 8400.00, NOW(), NOW()),
(42, 25, 52, 'Honey', 2, 250.00, 500.00, NOW(), NOW()),
(43, 26, 87, 'Bleach 1L', 2, 75.00, 150.00, NOW(), NOW()),
(44, 26, 14, 'Face Wash', 2, 220.00, 440.00, NOW(), NOW()),
(45, 26, 82, 'Glue Stick', 2, 45.00, 90.00, NOW(), NOW()),
(46, 27, 93, 'Wet Wipes', 3, 85.00, 255.00, NOW(), NOW()),
(47, 27, 76, 'LED Desk Lamp', 1, 650.00, 650.00, NOW(), NOW()),
(48, 27, 33, 'Sponges', 2, 45.00, 90.00, NOW(), NOW()),
(49, 28, 13, 'Shampoo', 3, 180.00, 540.00, NOW(), NOW()),
(50, 28, 32, 'Laundry Detergent', 2, 190.00, 380.00, NOW(), NOW()),
(51, 29, 63, 'Ketchup', 2, 55.00, 110.00, NOW(), NOW()),
(52, 29, 23, 'Webcam', 2, 1800.00, 3600.00, NOW(), NOW()),
(53, 29, 38, 'Jacket', 3, 650.00, 1950.00, NOW(), NOW()),
(54, 30, 56, 'Pepper', 2, 60.00, 120.00, NOW(), NOW()),
(55, 30, 51, 'Green Tea', 4, 120.00, 480.00, NOW(), NOW()),
(56, 30, 33, 'Sponges', 1, 45.00, 45.00, NOW(), NOW()),
(57, 31, 25, 'Bookshelf', 4, 2800.00, 11200.00, NOW(), NOW()),
(58, 31, 106, 'Face Towel', 1, 65.00, 65.00, NOW(), NOW()),
(59, 31, 92, 'Cotton Buds', 4, 45.00, 180.00, NOW(), NOW()),
(60, 32, 37, 'Socks', 1, 150.00, 150.00, NOW(), NOW()),
(61, 32, 75, 'Mouse Pad', 3, 300.00, 900.00, NOW(), NOW()),
(62, 32, 2, 'Mechanical Keyboard', 3, 1200.00, 3600.00, NOW(), NOW()),
(63, 33, 63, 'Ketchup', 1, 55.00, 55.00, NOW(), NOW()),
(64, 34, 102, 'Biscuits', 1, 75.00, 75.00, NOW(), NOW()),
(65, 34, 27, 'Milk', 3, 95.00, 285.00, NOW(), NOW()),
(66, 34, 69, 'Oregano', 2, 35.00, 70.00, NOW(), NOW()),
(67, 35, 74, 'Phone Stand', 1, 150.00, 150.00, NOW(), NOW()),
(68, 36, 19, 'Stapler', 3, 350.00, 1050.00, NOW(), NOW()),
(69, 37, 77, 'Waste Basket', 1, 180.00, 180.00, NOW(), NOW()),
(70, 38, 102, 'Biscuits', 2, 75.00, 150.00, NOW(), NOW()),
(71, 39, 26, 'Orange', 4, 30.00, 120.00, NOW(), NOW()),
(72, 39, 38, 'Jacket', 2, 650.00, 1300.00, NOW(), NOW()),
(73, 39, 72, 'USB-C Cable', 2, 120.00, 240.00, NOW(), NOW()),
(74, 40, 88, 'Glass Cleaner Spray', 4, 135.00, 540.00, NOW(), NOW()),
(75, 40, 52, 'Honey', 1, 250.00, 250.00, NOW(), NOW()),
(76, 40, 61, 'Fish Sauce', 2, 45.00, 90.00, NOW(), NOW()),
(77, 41, 80, 'Ruler 30cm', 2, 20.00, 40.00, NOW(), NOW()),
(78, 42, 95, 'Tissue Paper', 1, 90.00, 90.00, NOW(), NOW()),
(79, 43, 47, 'Cheese', 1, 180.00, 180.00, NOW(), NOW()),
(80, 44, 67, 'Garlic Powder', 2, 40.00, 80.00, NOW(), NOW()),
(81, 44, 32, 'Laundry Detergent', 4, 190.00, 760.00, NOW(), NOW()),
(82, 44, 74, 'Phone Stand', 2, 150.00, 300.00, NOW(), NOW()),
(83, 45, 17, 'Coffee Beans', 4, 350.00, 1400.00, NOW(), NOW()),
(84, 46, 98, 'Black Tea', 1, 140.00, 140.00, NOW(), NOW()),
(85, 46, 11, 'T-Shirt', 1, 150.00, 150.00, NOW(), NOW()),
(86, 47, 36, 'Paper Clips', 2, 25.00, 50.00, NOW(), NOW()),
(87, 48, 59, 'Cooking Oil', 2, 140.00, 280.00, NOW(), NOW()),
(88, 49, 61, 'Fish Sauce', 1, 45.00, 45.00, NOW(), NOW()),
(89, 50, 16, 'Coffee Beans', 2, 350.00, 700.00, NOW(), NOW()),
(90, 51, 32, 'Laundry Detergent', 1, 190.00, 190.00, NOW(), NOW()),
(91, 51, 56, 'Pepper', 2, 60.00, 120.00, NOW(), NOW()),
(92, 52, 105, 'Mineral Water', 3, 15.00, 45.00, NOW(), NOW()),
(93, 52, 63, 'Ketchup', 4, 55.00, 220.00, NOW(), NOW()),
(94, 53, 89, 'Microfiber Cloth', 2, 110.00, 220.00, NOW(), NOW()),
(95, 53, 96, 'Instant Coffee', 2, 150.00, 300.00, NOW(), NOW()),
(96, 53, 67, 'Garlic Powder', 3, 40.00, 120.00, NOW(), NOW()),
(97, 54, 74, 'Phone Stand', 3, 150.00, 450.00, NOW(), NOW()),
(98, 54, 12, 'Jeans', 1, 850.00, 850.00, NOW(), NOW()),
(99, 54, 100, 'Potato Chips', 1, 95.00, 95.00, NOW(), NOW()),
(100, 55, 25, 'Bookshelf', 1, 2800.00, 2800.00, NOW(), NOW()),
(101, 55, 12, 'Jeans', 2, 850.00, 1700.00, NOW(), NOW()),
(102, 55, 70, 'Paprika', 1, 55.00, 55.00, NOW(), NOW()),
(103, 56, 56, 'Pepper', 1, 60.00, 60.00, NOW(), NOW()),
(104, 57, 6, 'Banana', 4, 15.00, 60.00, NOW(), NOW()),
(105, 57, 84, 'Pencil 12s', 3, 90.00, 270.00, NOW(), NOW()),
(106, 57, 15, 'Face Wash', 3, 220.00, 660.00, NOW(), NOW()),
(107, 58, 35, 'Highlighter', 4, 35.00, 140.00, NOW(), NOW()),
(108, 58, 38, 'Jacket', 2, 650.00, 1300.00, NOW(), NOW()),
(109, 59, 45, 'Pasta', 1, 65.00, 65.00, NOW(), NOW()),
(110, 59, 101, 'Peanuts', 1, 55.00, 55.00, NOW(), NOW()),
(111, 60, 14, 'Face Wash', 2, 220.00, 440.00, NOW(), NOW()),
(112, 61, 13, 'Shampoo', 3, 180.00, 540.00, NOW(), NOW()),
(113, 61, 36, 'Paper Clips', 3, 25.00, 75.00, NOW(), NOW()),
(114, 62, 95, 'Tissue Paper', 1, 90.00, 90.00, NOW(), NOW()),
(115, 62, 43, 'Deodorant', 3, 120.00, 360.00, NOW(), NOW()),
(116, 62, 83, 'Eraser', 1, 25.00, 25.00, NOW(), NOW()),
(117, 63, 100, 'Potato Chips', 2, 95.00, 190.00, NOW(), NOW()),
(118, 64, 96, 'Instant Coffee', 3, 150.00, 450.00, NOW(), NOW()),
(119, 65, 69, 'Oregano', 3, 35.00, 105.00, NOW(), NOW()),
(120, 65, 67, 'Garlic Powder', 1, 40.00, 40.00, NOW(), NOW()),
(121, 66, 6, 'Banana', 3, 15.00, 45.00, NOW(), NOW()),
(122, 66, 1, 'Wireless Mouse', 2, 450.00, 900.00, NOW(), NOW()),
(123, 67, 61, 'Fish Sauce', 4, 45.00, 180.00, NOW(), NOW()),
(124, 67, 75, 'Mouse Pad', 1, 300.00, 300.00, NOW(), NOW()),
(125, 67, 95, 'Tissue Paper', 1, 90.00, 90.00, NOW(), NOW()),
(126, 68, 74, 'Phone Stand', 1, 150.00, 150.00, NOW(), NOW()),
(127, 69, 60, 'Soy Sauce', 2, 55.00, 110.00, NOW(), NOW()),
(128, 70, 50, 'Oats', 2, 95.00, 190.00, NOW(), NOW()),
(129, 71, 50, 'Oats', 4, 95.00, 380.00, NOW(), NOW()),
(130, 72, 25, 'Bookshelf', 2, 2800.00, 5600.00, NOW(), NOW()),
(131, 73, 47, 'Cheese', 2, 180.00, 360.00, NOW(), NOW()),
(132, 73, 105, 'Mineral Water', 3, 15.00, 45.00, NOW(), NOW()),
(133, 73, 57, 'Sugar', 2, 75.00, 150.00, NOW(), NOW()),
(134, 74, 65, 'Mustard', 2, 75.00, 150.00, NOW(), NOW()),
(135, 75, 106, 'Face Towel', 2, 65.00, 130.00, NOW(), NOW()),
(136, 75, 34, 'Trash Bags', 1, 65.00, 65.00, NOW(), NOW()),
(137, 76, 40, 'Toothpaste', 3, 95.00, 285.00, NOW(), NOW()),
(138, 76, 13, 'Shampoo', 3, 180.00, 540.00, NOW(), NOW()),
(139, 77, 73, 'Power Bank', 1, 850.00, 850.00, NOW(), NOW()),
(140, 77, 47, 'Cheese', 3, 180.00, 540.00, NOW(), NOW()),
(141, 77, 4, 'Wooden Desk', 2, 4500.00, 9000.00, NOW(), NOW()),
(142, 78, 81, 'Scissors', 4, 85.00, 340.00, NOW(), NOW()),
(143, 79, 60, 'Soy Sauce', 1, 55.00, 55.00, NOW(), NOW()),
(144, 79, 82, 'Glue Stick', 4, 45.00, 180.00, NOW(), NOW()),
(145, 80, 95, 'Tissue Paper', 4, 90.00, 360.00, NOW(), NOW()),
(146, 81, 92, 'Cotton Buds', 2, 45.00, 90.00, NOW(), NOW()),
(147, 81, 97, 'Creamer Powder', 3, 85.00, 255.00, NOW(), NOW()),
(148, 81, 99, 'Chocolate Drink', 4, 180.00, 720.00, NOW(), NOW()),
(149, 82, 84, 'Pencil 12s', 1, 90.00, 90.00, NOW(), NOW()),
(150, 82, 45, 'Pasta', 3, 65.00, 195.00, NOW(), NOW()),
(151, 83, 46, 'Tomato Sauce', 3, 85.00, 255.00, NOW(), NOW()),
(152, 83, 56, 'Pepper', 2, 60.00, 120.00, NOW(), NOW()),
(153, 84, 91, 'Hand Sanitizer', 2, 65.00, 130.00, NOW(), NOW()),
(154, 84, 100, 'Potato Chips', 3, 95.00, 285.00, NOW(), NOW()),
(155, 85, 43, 'Deodorant', 3, 120.00, 360.00, NOW(), NOW()),
(156, 86, 82, 'Glue Stick', 4, 45.00, 180.00, NOW(), NOW()),
(157, 86, 88, 'Glass Cleaner Spray', 4, 135.00, 540.00, NOW(), NOW()),
(158, 86, 46, 'Tomato Sauce', 4, 85.00, 340.00, NOW(), NOW()),
(159, 87, 106, 'Face Towel', 2, 65.00, 130.00, NOW(), NOW()),
(160, 87, 99, 'Chocolate Drink', 1, 180.00, 180.00, NOW(), NOW()),
(161, 88, 84, 'Pencil 12s', 2, 90.00, 180.00, NOW(), NOW()),
(162, 88, 47, 'Cheese', 3, 180.00, 540.00, NOW(), NOW()),
(163, 88, 16, 'Coffee Beans', 2, 350.00, 700.00, NOW(), NOW()),
(164, 89, 36, 'Paper Clips', 4, 25.00, 100.00, NOW(), NOW()),
(165, 90, 85, 'Calculators', 2, 180.00, 360.00, NOW(), NOW()),
(166, 90, 78, 'Desk Organizer', 4, 220.00, 880.00, NOW(), NOW()),
(167, 91, 88, 'Glass Cleaner Spray', 1, 135.00, 135.00, NOW(), NOW()),
(168, 92, 107, 'Bath Towel', 4, 290.00, 1160.00, NOW(), NOW()),
(169, 93, 63, 'Ketchup', 2, 55.00, 110.00, NOW(), NOW()),
(170, 94, 81, 'Scissors', 4, 85.00, 340.00, NOW(), NOW()),
(171, 94, 45, 'Pasta', 4, 65.00, 260.00, NOW(), NOW()),
(172, 94, 101, 'Peanuts', 4, 55.00, 220.00, NOW(), NOW()),
(173, 95, 62, 'Vinegar', 2, 35.00, 70.00, NOW(), NOW()),
(174, 95, 38, 'Jacket', 3, 650.00, 1950.00, NOW(), NOW()),
(175, 96, 40, 'Toothpaste', 4, 95.00, 380.00, NOW(), NOW()),
(176, 97, 39, 'Belt', 3, 350.00, 1050.00, NOW(), NOW()),
(177, 98, 24, 'Filing Cabinet', 2, 5500.00, 11000.00, NOW(), NOW()),
(178, 99, 32, 'Laundry Detergent', 4, 190.00, 760.00, NOW(), NOW()),
(179, 99, 13, 'Shampoo', 3, 180.00, 540.00, NOW(), NOW()),
(180, 99, 58, 'Flour', 4, 85.00, 340.00, NOW(), NOW()),
(181, 100, 54, 'Jam', 1, 130.00, 130.00, NOW(), NOW()),
(182, 100, 103, 'Soda Can', 4, 35.00, 140.00, NOW(), NOW()),
(183, 101, 101, 'Peanuts', 4, 55.00, 220.00, NOW(), NOW()),
(184, 101, 54, 'Jam', 2, 130.00, 260.00, NOW(), NOW()),
(185, 102, 67, 'Garlic Powder', 4, 40.00, 160.00, NOW(), NOW()),
(186, 102, 4, 'Wooden Desk', 3, 4500.00, 13500.00, NOW(), NOW()),
(187, 103, 97, 'Creamer Powder', 4, 85.00, 340.00, NOW(), NOW()),
(188, 103, 26, 'Orange', 2, 30.00, 60.00, NOW(), NOW()),
(189, 104, 80, 'Ruler 30cm', 1, 20.00, 20.00, NOW(), NOW()),
(190, 104, 77, 'Waste Basket', 1, 180.00, 180.00, NOW(), NOW()),
(191, 105, 28, 'Eggs', 3, 120.00, 360.00, NOW(), NOW()),
(192, 105, 11, 'T-Shirt', 4, 150.00, 600.00, NOW(), NOW());

-- Restore/ensure default roles exist so admin/manager/auditor can login
INSERT IGNORE INTO `roles` (`id`, `name`, `display_name`, `description`, `created_at`, `updated_at`) VALUES 
(1,'admin','Admin','Full system access with all privileges','2026-06-10 04:59:54','2026-06-10 04:59:54'),
(2,'inventory_manager','Inventory Manager','Manage products, categories, suppliers, and inventory','2026-06-10 04:59:54','2026-06-10 04:59:54'),
(3,'auditor','Auditor','Read-only access to view reports and logs','2026-06-10 04:59:54','2026-06-10 04:59:54');

-- Restore/ensure default users exist
INSERT IGNORE INTO `users` (`id`, `name`, `email`, `username`, `password`, `role_id`, `avatar`, `is_active`, `last_login_at`, `remember_token`, `created_at`, `updated_at`) VALUES 
(1,'System Administrator','admin@grocery.com','admin','$2y$12$dTeyWKdSTjjf5wesFR2f7.VDsLiSfTNFEEFa/NILm8gwRGUCNi7fW',1,NULL,1,'2026-06-11 05:06:28',NULL,'2026-06-10 04:59:55','2026-06-11 06:39:17'),
(2,'Inventory Manager','manager@grocery.com','manager','$2y$12$wLGREiSEMLCbZcIdJYRME.HNyOSx7EVDFqz0EixKXtTUX43pAXVRe',2,NULL,1,'2026-06-11 05:03:14',NULL,'2026-06-10 04:59:55','2026-06-11 06:39:17'),
(3,'System Auditor','auditor@grocery.com','auditor','$2y$12$VDGDUqf0uDk2DKm4nVKlHOVrynvTLcWhTRSV5pF1qEQYjfQJCgzge',3,NULL,1,'2026-06-11 05:06:02',NULL,'2026-06-10 04:59:56','2026-06-11 06:39:17');

-- Restore/ensure default settings exist
INSERT IGNORE INTO `settings` (`id`, `key`, `value`, `created_at`, `updated_at`) VALUES 
(1,'store_name','PureVibe Kiosk','2026-06-10 15:41:20','2026-06-10 15:41:20'),
(2,'contact_email','support@purevibe.com','2026-06-10 15:41:21','2026-06-10 15:41:21'),
(3,'contact_phone','(555) 123-4567','2026-06-10 15:41:21','2026-06-10 15:41:21'),
(4,'store_address','123 Grocery Lane\nMarket District','2026-06-10 15:41:21','2026-06-10 15:41:21'),
(5,'default_tax_rate','13','2026-06-10 15:41:21','2026-06-10 15:41:21'),
(6,'tax_name','VAT','2026-06-10 15:41:22','2026-06-10 15:41:22'),
(7,'receipt_header','Welcome to PureVibe!','2026-06-10 15:41:22','2026-06-10 15:41:22'),
(8,'receipt_footer','Thank you for shopping with us!\nPlease come again.','2026-06-10 15:41:22','2026-06-10 15:41:22'),
(9,'idle_timeout','120','2026-06-10 15:41:22','2026-06-10 15:41:22'),
(10,'currency_symbol','₱','2026-06-10 15:41:23','2026-06-10 15:41:23'),
(11,'enable_sound','1','2026-06-10 15:41:23','2026-06-10 15:41:23'),
(12,'allow_guest','1','2026-06-10 15:41:23','2026-06-10 15:41:23'),
(13,'prices_include_tax','1','2026-06-10 15:41:23','2026-06-10 15:41:53'),
(14,'default_markup_percentage','20','2026-06-11 06:26:43','2026-06-11 06:26:43');

SET FOREIGN_KEY_CHECKS = 1;
-- Restore strict SQL mode after dirty data import
SET sql_mode = 'STRICT_TRANS_TABLES,NO_ZERO_IN_DATE,NO_ZERO_DATE,ERROR_FOR_DIVISION_BY_ZERO,NO_ENGINE_SUBSTITUTION';
